benchmark,claim_boundary,conservative_proposal_gate,continuation,episode,expert_action_available,gate_fallback_rate,horizon,max_selected_expert_action_distance,mean_reward,mean_selected_energy,mean_selected_expert_action_distance,num_candidates_per_step,policy,proposal_source,runtime_scripted_expert_dependency,runtime_seconds,seed,steps,success_available,success_nonzero,success_rate,task,total_reward,uses_expert_centered_proposals,uses_learned_bc_proposal,uses_learned_demo_proposal,uses_learned_ebm,uses_state_heuristic_proposal
metaworld,Closed-loop dependency audit; variants report proposal centering and gate dependence and do not support real-robot claims.,True,none,0,True,0.0,100,0.0,6.419997900214167,0.9261366963386536,0.0,12,expert_centered_gate,scripted_expert_centered_candidates,True,0.64751919999253,0,35,True,True,1.0,reach-v3,224.69992650749583,True,False,False,True,False
metaworld,Closed-loop dependency audit; variants report proposal centering and gate dependence and do not support real-robot claims.,False,none,0,True,0.0,100,0.0,6.419997900214167,0.9261366963386536,0.0,12,expert_centered_no_gate,scripted_expert_centered_candidates,True,1.123540700005833,0,35,True,True,1.0,reach-v3,224.69992650749583,True,False,False,True,False
metaworld,Closed-loop dependency audit; variants report proposal centering and gate dependence and do not support real-robot claims.,False,none,0,True,0.0,100,0.29175037145614624,5.973012619248674,0.9958679656187693,0.07588691835602125,12,mixed_expert_local_no_gate,mixed_expert_centered_and_local_gaussian_candidates,True,1.5595362999883946,0,30,True,True,1.0,reach-v3,179.19037857746022,True,False,False,True,False
metaworld,Closed-loop dependency audit; variants report proposal centering and gate dependence and do not support real-robot claims.,False,none,0,True,0.0,100,1.0561599731445312,4.060509086010859,1.6890758764743805,0.7849106764793397,12,local_gaussian_no_gate,local_gaussian_candidates,False,2.992415399989113,0,100,True,False,0.0,reach-v3,406.05090860108584,False,False,False,True,False
metaworld,Closed-loop dependency audit; variants report proposal centering and gate dependence and do not support real-robot claims.,False,none,0,True,0.0,100,1.3060846328735352,6.888678410632099,1.3337910655140877,0.7166701716184616,12,learned_demo_proposal_no_gate,nearest_demo_behavior_proposal_candidates,False,4.530348500004038,0,100,True,False,0.0,reach-v3,688.8678410632099,False,False,True,True,False
metaworld,Closed-loop dependency audit; variants report proposal centering and gate dependence and do not support real-robot claims.,False,none,0,True,0.0,100,0.6687015891075134,7.22730386747604,0.0,0.6647472238540649,12,learned_demo_proposal_direct,nearest_demo_behavior_proposal_direct_action,False,4.996380099997623,0,100,True,False,0.0,reach-v3,722.730386747604,False,False,True,False,False
metaworld,Closed-loop dependency audit; variants report proposal centering and gate dependence and do not support real-robot claims.,False,none,0,True,0.0,100,0.8063921928405762,8.01778911959703,5.8319272720813755,0.4799793168902397,12,learned_bc_proposal_no_gate,behavior_cloned_proposal_candidates,False,6.673925299983239,0,100,True,False,0.0,reach-v3,801.7789119597029,False,True,False,True,False
metaworld,Closed-loop dependency audit; variants report proposal centering and gate dependence and do not support real-robot claims.,False,none,0,True,0.0,100,0.5149978399276733,7.992306789514344,0.0,0.46822213888168335,12,learned_bc_proposal_direct,behavior_cloned_direct_action,False,7.233134699985385,0,100,True,False,0.0,reach-v3,799.2306789514344,False,True,False,False,False
metaworld,Closed-loop dependency audit; variants report proposal centering and gate dependence and do not support real-robot claims.,False,none,0,True,0.0,100,0.2024131864309311,6.334226834630255,1.298716425895691,0.017162556160816595,12,state_heuristic_proposal_no_gate,state_heuristic_proposal_candidates,False,7.808344199991552,0,34,True,True,1.0,reach-v3,215.36371237742867,False,False,False,True,True
metaworld,Closed-loop dependency audit; variants report proposal centering and gate dependence and do not support real-robot claims.,False,none,0,True,0.0,100,1.4136502102246595e-07,6.419997852331258,0.0,6.374021351364588e-08,12,state_heuristic_direct,state_heuristic_direct_action,False,8.088118799991207,0,35,True,True,1.0,reach-v3,224.69992483159405,False,False,False,False,True
metaworld,Closed-loop dependency audit; variants report proposal centering and gate dependence and do not support real-robot claims.,False,none,0,True,0.0,100,2.6060845851898193,1.6703652123111243,0.0,1.5132384291291237,12,random_uniform,uniform_random_actions,False,8.649610699998448,0,100,True,False,0.0,reach-v3,167.03652123111243,False,False,False,False,False
metaworld,Closed-loop dependency audit; variants report proposal centering and gate dependence and do not support real-robot claims.,False,none,0,True,0.0,100,0.0,6.419997900214167,0.0,0.0,12,scripted_expert,scripted_expert_policy,True,8.868743900005938,0,35,True,True,1.0,reach-v3,224.69992650749583,True,False,False,False,False
metaworld,Closed-loop dependency audit; variants report proposal centering and gate dependence and do not support real-robot claims.,True,none,0,True,0.10204081632653061,100,0.3360395133495331,6.66794626159052,2.3809178435072607,0.021573915469403168,12,expert_centered_gate,scripted_expert_centered_candidates,True,0.8358084000064991,1,49,True,True,1.0,reach-v3,326.72936681793544,True,False,False,True,False
metaworld,Closed-loop dependency audit; variants report proposal centering and gate dependence and do not support real-robot claims.,False,none,0,True,0.0,100,1.2016125917434692,5.967607227508459,2.240219135133047,0.19281170954779972,12,expert_centered_no_gate,scripted_expert_centered_candidates,True,1.708050400018692,1,63,True,True,1.0,reach-v3,375.95925533303296,True,False,False,True,False
metaworld,Closed-loop dependency audit; variants report proposal centering and gate dependence and do not support real-robot claims.,False,none,0,True,0.0,100,0.9831809997558594,3.1716607120318234,1.6741410028934478,0.7096559262275696,12,mixed_expert_local_no_gate,mixed_expert_centered_and_local_gaussian_candidates,True,3.127525100018829,1,100,True,False,0.0,reach-v3,317.16607120318236,True,False,False,True,False
metaworld,Closed-loop dependency audit; variants report proposal centering and gate dependence and do not support real-robot claims.,False,none,0,True,0.0,100,1.4697891473770142,4.784454099040782,1.2389096748828887,0.8748055934906006,12,local_gaussian_no_gate,local_gaussian_candidates,False,4.535547600011341,1,100,True,False,0.0,reach-v3,478.4454099040782,False,False,False,True,False
metaworld,Closed-loop dependency audit; variants report proposal centering and gate dependence and do not support real-robot claims.,False,none,0,True,0.0,100,1.1466034650802612,3.6633265892920632,2.2123074531555176,0.6321068024635315,12,learned_demo_proposal_no_gate,nearest_demo_behavior_proposal_candidates,False,6.071636800013948,1,100,True,False,0.0,reach-v3,366.33265892920633,False,False,True,True,False
metaworld,Closed-loop dependency audit; variants report proposal centering and gate dependence and do not support real-robot claims.,False,none,0,True,0.0,100,0.5949241518974304,3.71746431489574,0.0,0.5869150489568711,12,learned_demo_proposal_direct,nearest_demo_behavior_proposal_direct_action,False,6.556096300017089,1,100,True,False,0.0,reach-v3,371.746431489574,False,False,True,False,False
metaworld,Closed-loop dependency audit; variants report proposal centering and gate dependence and do not support real-robot claims.,False,none,0,True,0.0,100,0.9556620121002197,4.846365167672362,28.754035014372604,0.5339746681543497,12,learned_bc_proposal_no_gate,behavior_cloned_proposal_candidates,False,6.953005200019106,1,26,True,True,1.0,reach-v3,126.00549435948142,False,True,False,True,False
metaworld,Closed-loop dependency audit; variants report proposal centering and gate dependence and do not support real-robot claims.,False,none,0,True,0.0,100,0.9347320199012756,4.656107442042614,0.0,0.5392570197582245,12,learned_bc_proposal_direct,behavior_cloned_direct_action,False,7.181915299996035,1,25,True,True,1.0,reach-v3,116.40268605106533,False,True,False,False,False
metaworld,Closed-loop dependency audit; variants report proposal centering and gate dependence and do not support real-robot claims.,False,none,0,True,0.0,100,0.20279335975646973,6.6442835418316575,2.208180150207208,0.02994989035461022,12,state_heuristic_proposal_no_gate,state_heuristic_proposal_candidates,False,7.9487704999919515,1,49,True,True,1.0,reach-v3,325.5698935497512,False,False,False,True,True
metaworld,Closed-loop dependency audit; variants report proposal centering and gate dependence and do not support real-robot claims.,False,none,0,True,0.0,100,1.802055038524486e-07,6.6206576778616535,0.0,8.1764684819093e-08,12,state_heuristic_direct,state_heuristic_direct_action,False,8.22293200000422,1,48,True,True,1.0,reach-v3,317.79156853735935,False,False,False,False,True
metaworld,Closed-loop dependency audit; variants report proposal centering and gate dependence and do not support real-robot claims.,False,none,0,True,0.0,100,2.4770774841308594,1.330750384211937,0.0,1.4970661540329457,12,random_uniform,uniform_random_actions,False,8.778462899994338,1,100,True,False,0.0,reach-v3,133.0750384211937,False,False,False,False,False
metaworld,Closed-loop dependency audit; variants report proposal centering and gate dependence and do not support real-robot claims.,False,none,0,True,0.0,100,0.0,6.620657733667613,0.0,0.0,12,scripted_expert,scripted_expert_policy,True,9.01167110001552,1,48,True,True,1.0,reach-v3,317.79157121604544,True,False,False,False,False
metaworld,Closed-loop dependency audit; variants report proposal centering and gate dependence and do not support real-robot claims.,True,none,0,True,0.0,100,0.0,6.39074386818687,0.5073448704873643,0.0,12,expert_centered_gate,scripted_expert_centered_candidates,True,0.5905886999971699,3,41,True,True,1.0,reach-v3,262.02049859566165,True,False,False,True,False
metaworld,Closed-loop dependency audit; variants report proposal centering and gate dependence and do not support real-robot claims.,False,none,0,True,0.0,100,0.19724953174591064,6.383741175495176,0.49767467397742154,0.007717882896341928,12,expert_centered_no_gate,scripted_expert_centered_candidates,True,1.2669276999949943,3,41,True,True,1.0,reach-v3,261.7333881953022,True,False,False,True,False
metaworld,Closed-loop dependency audit; variants report proposal centering and gate dependence and do not support real-robot claims.,False,none,0,True,0.0,100,0.32423239946365356,5.98386410362831,0.5377753291883178,0.08136775878232878,12,mixed_expert_local_no_gate,mixed_expert_centered_and_local_gaussian_candidates,True,1.7219429000106174,3,37,True,True,1.0,reach-v3,221.40297183424747,True,False,False,True,False
metaworld,Closed-loop dependency audit; variants report proposal centering and gate dependence and do not support real-robot claims.,False,none,0,True,0.0,100,1.2209962606430054,2.3395972861315877,1.102442510612309,1.0851260262727738,12,local_gaussian_no_gate,local_gaussian_candidates,False,2.866296499996679,3,100,True,False,0.0,reach-v3,233.95972861315877,False,False,False,True,False
metaworld,Closed-loop dependency audit; variants report proposal centering and gate dependence and do not support real-robot claims.,False,none,0,True,0.0,100,0.5931700468063354,7.082473428029357,0.19752901243536095,0.4790934786984795,12,learned_demo_proposal_no_gate,nearest_demo_behavior_proposal_candidates,False,3.91370950001874,3,76,True,True,1.0,reach-v3,538.2679805302312,False,False,True,True,False
metaworld,Closed-loop dependency audit; variants report proposal centering and gate dependence and do not support real-robot claims.,False,none,0,True,0.0,100,0.492920845746994,7.893568169513465,0.0,0.48786607414484023,12,learned_demo_proposal_direct,nearest_demo_behavior_proposal_direct_action,False,4.675544700003229,3,100,True,False,0.0,reach-v3,789.3568169513464,False,False,True,False,False
metaworld,Closed-loop dependency audit; variants report proposal centering and gate dependence and do not support real-robot claims.,False,none,0,True,0.0,100,0.8393941521644592,6.661304150777295,8.604759188890457,0.4549244314432144,12,learned_bc_proposal_no_gate,behavior_cloned_proposal_candidates,False,6.030821299995296,3,100,True,False,0.0,reach-v3,666.1304150777295,False,True,False,True,False
metaworld,Closed-loop dependency audit; variants report proposal centering and gate dependence and do not support real-robot claims.,False,none,0,True,0.0,100,0.5146016478538513,6.699895300768529,0.0,0.4323739191889763,12,learned_bc_proposal_direct,behavior_cloned_direct_action,False,6.824947599990992,3,100,True,False,0.0,reach-v3,669.9895300768529,False,True,False,False,False
metaworld,Closed-loop dependency audit; variants report proposal centering and gate dependence and do not support real-robot claims.,False,none,0,True,0.0,100,0.13693585991859436,6.323543826296929,0.5071839169133454,0.012911579575762744,12,state_heuristic_proposal_no_gate,state_heuristic_proposal_candidates,False,7.3075481000123546,3,40,True,True,1.0,reach-v3,252.94175305187713,False,False,False,True,True
metaworld,Closed-loop dependency audit; variants report proposal centering and gate dependence and do not support real-robot claims.,False,none,0,True,0.0,100,1.8863363493437646e-07,6.390743726996223,0.0,7.849609348428236e-08,12,state_heuristic_direct,state_heuristic_direct_action,False,7.5253994000086095,3,41,True,True,1.0,reach-v3,262.02049280684514,False,False,False,False,True
metaworld,Closed-loop dependency audit; variants report proposal centering and gate dependence and do not support real-robot claims.,False,none,0,True,0.0,100,2.439302682876587,2.1968185848714548,0.0,1.5008804762363435,12,random_uniform,uniform_random_actions,False,8.093381300015608,3,100,True,False,0.0,reach-v3,219.6818584871455,False,False,False,False,False
metaworld,Closed-loop dependency audit; variants report proposal centering and gate dependence and do not support real-robot claims.,False,none,0,True,0.0,100,0.0,6.39074386818687,0.0,0.0,12,scripted_expert,scripted_expert_policy,True,8.354533800011268,3,41,True,True,1.0,reach-v3,262.02049859566165,True,False,False,False,False
metaworld,Closed-loop dependency audit; variants report proposal centering and gate dependence and do not support real-robot claims.,True,none,0,True,0.0,100,0.10090763866901398,6.6051536085132,5.018437955437637,0.0034849958085432283,12,expert_centered_gate,scripted_expert_centered_candidates,True,1.1311371000047075,4,41,True,True,1.0,reach-v3,270.8112979490412,True,False,False,True,False
metaworld,Closed-loop dependency audit; variants report proposal centering and gate dependence and do not support real-robot claims.,False,none,0,True,0.0,100,0.1775132119655609,6.531712994608634,5.037736117839813,0.008822710160166026,12,expert_centered_no_gate,scripted_expert_centered_candidates,True,1.8694974999962142,4,40,True,True,1.0,reach-v3,261.26851978434536,True,False,False,True,False
metaworld,Closed-loop dependency audit; variants report proposal centering and gate dependence and do not support real-robot claims.,False,none,0,True,0.0,100,0.847557544708252,5.419120193121469,5.411112109820048,0.24542958041032156,12,mixed_expert_local_no_gate,mixed_expert_centered_and_local_gaussian_candidates,True,3.192413500000839,4,30,True,True,1.0,reach-v3,162.57360579364408,True,False,False,True,False
metaworld,Closed-loop dependency audit; variants report proposal centering and gate dependence and do not support real-robot claims.,False,none,0,True,0.0,100,1.5430494546890259,4.8786274764660025,5.32347198009491,1.085961431413889,12,local_gaussian_no_gate,local_gaussian_candidates,False,5.282155000008061,4,100,True,False,0.0,reach-v3,487.86274764660027,False,False,False,True,False
metaworld,Closed-loop dependency audit; variants report proposal centering and gate dependence and do not support real-robot claims.,False,none,0,True,0.0,100,1.1845861673355103,8.555467650866312,6.548331446647644,0.5722966921329499,12,learned_demo_proposal_no_gate,nearest_demo_behavior_proposal_candidates,False,7.594064999997499,4,100,True,False,0.0,reach-v3,855.5467650866311,False,False,True,True,False
metaworld,Closed-loop dependency audit; variants report proposal centering and gate dependence and do not support real-robot claims.,False,none,0,True,0.0,100,0.5656070709228516,8.411698426896384,0.0,0.5533554702997208,12,learned_demo_proposal_direct,nearest_demo_behavior_proposal_direct_action,False,8.389414400007809,4,100,True,False,0.0,reach-v3,841.1698426896385,False,False,True,False,False
metaworld,Closed-loop dependency audit; variants report proposal centering and gate dependence and do not support real-robot claims.,False,none,0,True,0.0,100,0.41811230778694153,8.176111623279935,6.769102654457092,0.3141088639944792,12,learned_bc_proposal_no_gate,behavior_cloned_proposal_candidates,False,11.179861800002982,4,100,True,False,0.0,reach-v3,817.6111623279935,False,True,False,True,False
metaworld,Closed-loop dependency audit; variants report proposal centering and gate dependence and do not support real-robot claims.,False,none,0,True,0.0,100,0.7561049461364746,7.037354442568835,0.0,0.3565203661010379,12,learned_bc_proposal_direct,behavior_cloned_direct_action,False,12.455872499995166,4,63,True,True,1.0,reach-v3,443.3533298818366,False,True,False,False,False
metaworld,Closed-loop dependency audit; variants report proposal centering and gate dependence and do not support real-robot claims.,False,none,0,True,0.0,100,0.0988217145204544,6.543301342466793,6.172983980178833,0.025685230013914408,12,state_heuristic_proposal_no_gate,state_heuristic_proposal_candidates,False,13.046672700002091,4,40,True,True,1.0,reach-v3,261.73205369867173,False,False,False,True,True
metaworld,Closed-loop dependency audit; variants report proposal centering and gate dependence and do not support real-robot claims.,False,none,0,True,0.0,100,1.9097336689810618e-07,6.514261536029454,0.0,1.0213153047722301e-07,12,state_heuristic_direct,state_heuristic_direct_action,False,13.391303700002027,4,40,True,True,1.0,reach-v3,260.57046144117817,False,False,False,False,True
metaworld,Closed-loop dependency audit; variants report proposal centering and gate dependence and do not support real-robot claims.,False,none,0,True,0.0,100,2.60054874420166,1.2678148198845953,0.0,1.581668545603752,12,random_uniform,uniform_random_actions,False,14.362254299994675,4,100,True,False,0.0,reach-v3,126.78148198845953,False,False,False,False,False
metaworld,Closed-loop dependency audit; variants report proposal centering and gate dependence and do not support real-robot claims.,False,none,0,True,0.0,100,0.0,6.514261335172674,0.0,0.0,12,scripted_expert,scripted_expert_policy,True,14.76483260000532,4,40,True,True,1.0,reach-v3,260.57045340690695,True,False,False,False,False
metaworld,Closed-loop dependency audit; variants report proposal centering and gate dependence and do not support real-robot claims.,True,none,0,True,0.19696969696969696,100,0.3487119972705841,3.418704208990269,1.3640550211862181,0.07460409899552663,12,expert_centered_gate,scripted_expert_centered_candidates,True,1.3219211999967229,0,66,True,True,1.0,push-v3,225.63447779335775,True,False,False,True,False
metaworld,Closed-loop dependency audit; variants report proposal centering and gate dependence and do not support real-robot claims.,False,none,0,True,0.0,100,1.2057464122772217,3.833942029156479,2.457104236185551,0.17377319807186722,12,expert_centered_no_gate,scripted_expert_centered_candidates,True,3.3145412000012584,0,100,True,False,0.0,push-v3,383.3942029156479,True,False,False,True,False
metaworld,Closed-loop dependency audit; variants report proposal centering and gate dependence and do not support real-robot claims.,False,none,0,True,0.0,100,3.605551242828369,0.1837009196144278,892.566065800041,2.144477987885475,12,mixed_expert_local_no_gate,mixed_expert_centered_and_local_gaussian_candidates,True,5.062741899993853,0,100,True,False,0.0,push-v3,18.370091961442782,True,False,False,True,False
metaworld,Closed-loop dependency audit; variants report proposal centering and gate dependence and do not support real-robot claims.,False,none,0,True,0.0,100,3.605551242828369,0.16336718068749348,766.1059197944589,2.3654554525017737,12,local_gaussian_no_gate,local_gaussian_candidates,False,6.8418032999907155,0,100,True,False,0.0,push-v3,16.33671806874935,False,False,False,True,False
metaworld,Closed-loop dependency audit; variants report proposal centering and gate dependence and do not support real-robot claims.,False,none,0,True,0.0,100,2.3208353519439697,0.585074191408353,1101.7262113416195,1.5326016774773599,12,learned_demo_proposal_no_gate,nearest_demo_behavior_proposal_candidates,False,8.675692699995125,0,100,True,False,0.0,push-v3,58.5074191408353,False,False,True,True,False
metaworld,Closed-loop dependency audit; variants report proposal centering and gate dependence and do not support real-robot claims.,False,none,0,True,0.0,100,1.818822979927063,0.785134863786003,0.0,1.4415428259968757,12,learned_demo_proposal_direct,nearest_demo_behavior_proposal_direct_action,False,9.738953499996569,0,100,True,False,0.0,push-v3,78.51348637860029,False,False,True,False,False
metaworld,Closed-loop dependency audit; variants report proposal centering and gate dependence and do not support real-robot claims.,False,none,0,True,0.0,100,0.8732349872589111,3.0177604616096136,1.5036020129919052,0.23021508413164513,12,learned_bc_proposal_no_gate,behavior_cloned_proposal_candidates,False,11.856453799991868,0,69,True,True,1.0,push-v3,208.22547185106333,False,True,False,True,False
metaworld,Closed-loop dependency audit; variants report proposal centering and gate dependence and do not support real-robot claims.,False,none,0,True,0.0,100,3.605538845062256,0.16359079543333496,0.0,1.9249278962612153,12,learned_bc_proposal_direct,behavior_cloned_direct_action,False,13.447665600004257,0,100,True,False,0.0,push-v3,16.359079543333497,False,True,False,False,False
metaworld,Closed-loop dependency audit; variants report proposal centering and gate dependence and do not support real-robot claims.,False,none,0,True,0.0,100,0.23040015995502472,3.342481448763817,1.2709863379484776,0.09735517086686962,12,state_heuristic_proposal_no_gate,state_heuristic_proposal_candidates,False,14.921477299998514,0,66,True,True,1.0,push-v3,220.60377561841193,False,False,False,True,True
metaworld,Closed-loop dependency audit; variants report proposal centering and gate dependence and do not support real-robot claims.,False,none,0,True,0.0,100,4.807789650840277e-07,3.192377605116018,0.0,1.7656871853852444e-07,12,state_heuristic_direct,state_heuristic_direct_action,False,15.458157799992478,0,65,True,True,1.0,push-v3,207.50454433254117,False,False,False,False,True
metaworld,Closed-loop dependency audit; variants report proposal centering and gate dependence and do not support real-robot claims.,False,none,0,True,0.0,100,2.719048261642456,0.04251487811208614,0.0,1.7127564573287963,12,random_uniform,uniform_random_actions,False,16.52836739999475,0,100,True,False,0.0,push-v3,4.251487811208614,False,False,False,False,False
metaworld,Closed-loop dependency audit; variants report proposal centering and gate dependence and do not support real-robot claims.,False,none,0,True,0.0,100,0.0,3.1923774669497185,0.0,0.0,12,scripted_expert,scripted_expert_policy,True,17.114117099990835,0,65,True,True,1.0,push-v3,207.5045353517317,True,False,False,False,False
metaworld,Closed-loop dependency audit; variants report proposal centering and gate dependence and do not support real-robot claims.,True,none,0,True,0.3181818181818182,100,0.33915141224861145,2.799659763934719,6.623019076658018,0.07140520406943379,12,expert_centered_gate,scripted_expert_centered_candidates,True,1.1619565000000875,1,66,True,True,1.0,push-v3,184.77754441969145,True,False,False,True,False
metaworld,Closed-loop dependency audit; variants report proposal centering and gate dependence and do not support real-robot claims.,False,none,0,True,0.0,100,1.9595839977264404,0.0684228902136479,3.2079119378328325,0.7188454134762288,12,expert_centered_no_gate,scripted_expert_centered_candidates,True,2.7826248000055784,1,100,True,False,0.0,push-v3,6.84228902136479,True,False,False,True,False
metaworld,Closed-loop dependency audit; variants report proposal centering and gate dependence and do not support real-robot claims.,False,none,0,True,0.0,100,2.772918224334717,0.06171165123546203,7.840975674763322,1.9527372419834137,12,mixed_expert_local_no_gate,mixed_expert_centered_and_local_gaussian_candidates,True,4.479665400009253,1,100,True,False,0.0,push-v3,6.171165123546203,True,False,False,True,False
metaworld,Closed-loop dependency audit; variants report proposal centering and gate dependence and do not support real-robot claims.,False,none,0,True,0.0,100,2.7640082836151123,0.0563022361616203,7.850422571897507,2.0408665892481803,12,local_gaussian_no_gate,local_gaussian_candidates,False,6.190852800005814,1,100,True,False,0.0,push-v3,5.63022361616203,False,False,False,True,False
metaworld,Closed-loop dependency audit; variants report proposal centering and gate dependence and do not support real-robot claims.,False,none,0,True,0.0,100,2.479782819747925,0.3364187992292762,709.9932430809736,1.6010059452056884,12,learned_demo_proposal_no_gate,nearest_demo_behavior_proposal_candidates,False,7.987158300005831,1,100,True,False,0.0,push-v3,33.64187992292762,False,False,True,True,False
metaworld,Closed-loop dependency audit; variants report proposal centering and gate dependence and do not support real-robot claims.,False,none,0,True,0.0,100,2.190538167953491,0.3613639060869665,0.0,1.561996521949768,12,learned_demo_proposal_direct,nearest_demo_behavior_proposal_direct_action,False,8.883482700010063,1,100,True,False,0.0,push-v3,36.13639060869665,False,False,True,False,False
metaworld,Closed-loop dependency audit; variants report proposal centering and gate dependence and do not support real-robot claims.,False,none,0,True,0.0,100,1.9644947052001953,3.8666571291173644,11.446280231078466,0.8618700929606954,12,learned_bc_proposal_no_gate,behavior_cloned_proposal_candidates,False,10.222276200001943,1,48,True,True,1.0,push-v3,185.5995421976335,False,True,False,True,False
metaworld,Closed-loop dependency audit; variants report proposal centering and gate dependence and do not support real-robot claims.,False,none,0,True,0.0,100,1.7394720315933228,3.710893267043772,0.0,0.5206107233340541,12,learned_bc_proposal_direct,behavior_cloned_direct_action,False,11.172330600005807,1,48,True,True,1.0,push-v3,178.12287681810105,False,True,False,False,False
metaworld,Closed-loop dependency audit; variants report proposal centering and gate dependence and do not support real-robot claims.,False,none,0,True,0.0,100,0.22752916812896729,2.7320102700512576,6.620882978945067,0.08981682298811652,12,state_heuristic_proposal_no_gate,state_heuristic_proposal_candidates,False,12.707676300007734,1,66,True,True,1.0,push-v3,180.312677823383,False,False,False,True,True
metaworld,Closed-loop dependency audit; variants report proposal centering and gate dependence and do not support real-robot claims.,False,none,0,True,0.0,100,5.147714432496286e-07,2.7807779821691057,0.0,1.6266910568552007e-07,12,state_heuristic_direct,state_heuristic_direct_action,False,13.563403000007384,1,64,True,True,1.0,push-v3,177.96979085882276,False,False,False,False,True
metaworld,Closed-loop dependency audit; variants report proposal centering and gate dependence and do not support real-robot claims.,False,none,0,True,0.0,100,2.3781838417053223,0.050810461736281586,0.0,1.4374955198168755,12,random_uniform,uniform_random_actions,False,14.92891440000676,1,100,True,False,0.0,push-v3,5.081046173628159,False,False,False,False,False
metaworld,Closed-loop dependency audit; variants report proposal centering and gate dependence and do not support real-robot claims.,False,none,0,True,0.0,100,0.0,2.7807779016732783,0.0,0.0,12,scripted_expert,scripted_expert_policy,True,15.486132800011546,1,64,True,True,1.0,push-v3,177.9697857070898,True,False,False,False,False
metaworld,Closed-loop dependency audit; variants report proposal centering and gate dependence and do not support real-robot claims.,True,none,0,True,0.16923076923076924,100,0.29516106843948364,2.827596556703423,-2.3355280950665476,0.04412003646676357,12,expert_centered_gate,scripted_expert_centered_candidates,True,1.5230527999956394,2,65,True,True,1.0,push-v3,183.7937761857225,True,False,False,True,False
metaworld,Closed-loop dependency audit; variants report proposal centering and gate dependence and do not support real-robot claims.,False,none,0,True,0.0,100,1.9637372493743896,0.19517663202298663,-2.84762228295207,0.7326714057475329,12,expert_centered_no_gate,scripted_expert_centered_candidates,True,3.0589083999948343,2,100,True,False,0.0,push-v3,19.517663202298664,True,False,False,True,False
metaworld,Closed-loop dependency audit; variants report proposal centering and gate dependence and do not support real-robot claims.,False,none,0,True,0.0,100,3.4959568977355957,0.43128099093060335,297.324341642186,2.071762489080429,12,mixed_expert_local_no_gate,mixed_expert_centered_and_local_gaussian_candidates,True,4.959700399995199,2,100,True,False,0.0,push-v3,43.128099093060335,True,False,False,True,False
metaworld,Closed-loop dependency audit; variants report proposal centering and gate dependence and do not support real-robot claims.,False,none,0,True,0.0,100,3.605551242828369,0.19287299463283125,367.011565785259,2.2796361547708512,12,local_gaussian_no_gate,local_gaussian_candidates,False,7.204938699986087,2,100,True,False,0.0,push-v3,19.287299463283126,False,False,False,True,False
metaworld,Closed-loop dependency audit; variants report proposal centering and gate dependence and do not support real-robot claims.,False,none,0,True,0.0,100,2.064720869064331,0.5280500690349654,2.1349302875995635,1.4231407946348191,12,learned_demo_proposal_no_gate,nearest_demo_behavior_proposal_candidates,False,9.436371099989628,2,100,True,False,0.0,push-v3,52.80500690349655,False,False,True,True,False
metaworld,Closed-loop dependency audit; variants report proposal centering and gate dependence and do not support real-robot claims.,False,none,0,True,0.0,100,1.9294389486312866,0.4583682879685268,0.0,1.3951298897082989,12,learned_demo_proposal_direct,nearest_demo_behavior_proposal_direct_action,False,10.082286599994404,2,65,True,True,1.0,push-v3,29.79393871795424,False,False,True,False,False
metaworld,Closed-loop dependency audit; variants report proposal centering and gate dependence and do not support real-robot claims.,False,none,0,True,0.0,100,3.3402647972106934,0.18113555782835505,181.70203536450862,2.037122128009796,12,learned_bc_proposal_no_gate,behavior_cloned_proposal_candidates,False,13.440612699996564,2,100,True,False,0.0,push-v3,18.113555782835505,False,True,False,True,False
metaworld,Closed-loop dependency audit; variants report proposal centering and gate dependence and do not support real-robot claims.,False,none,0,True,0.0,100,1.6631180047988892,2.379131622857472,0.0,1.1096117647867354,12,learned_bc_proposal_direct,behavior_cloned_direct_action,False,14.838451999996323,2,63,True,True,1.0,push-v3,149.88529224002073,False,True,False,False,False
metaworld,Closed-loop dependency audit; variants report proposal centering and gate dependence and do not support real-robot claims.,False,none,0,True,0.0,100,0.22405210137367249,2.808303193353215,-2.4969784202320233,0.09130390224209617,12,state_heuristic_proposal_no_gate,state_heuristic_proposal_candidates,False,16.155511399992974,2,63,True,True,1.0,push-v3,176.92310118125255,False,False,False,True,True
metaworld,Closed-loop dependency audit; variants report proposal centering and gate dependence and do not support real-robot claims.,False,none,0,True,0.0,100,5.39125551313191e-07,2.8568854557074554,0.0,2.0803432813446912e-07,12,state_heuristic_direct,state_heuristic_direct_action,False,16.793089099999634,2,63,True,True,1.0,push-v3,179.9837837095697,False,False,False,False,True
metaworld,Closed-loop dependency audit; variants report proposal centering and gate dependence and do not support real-robot claims.,False,none,0,True,0.0,100,2.5360894203186035,0.050211437175732024,0.0,1.462152870297432,12,random_uniform,uniform_random_actions,False,17.776472599987756,2,100,True,False,0.0,push-v3,5.021143717573202,False,False,False,False,False
metaworld,Closed-loop dependency audit; variants report proposal centering and gate dependence and do not support real-robot claims.,False,none,0,True,0.0,100,0.0,2.8568854314089256,0.0,0.0,12,scripted_expert,scripted_expert_policy,True,18.206732799997553,2,63,True,True,1.0,push-v3,179.9837821787623,True,False,False,False,False
metaworld,Closed-loop dependency audit; variants report proposal centering and gate dependence and do not support real-robot claims.,True,none,0,True,0.5238095238095238,100,0.3406323194503784,3.2302243175152823,0.8971742757019543,0.033531344480930814,12,expert_centered_gate,scripted_expert_centered_candidates,True,1.3109238000033656,3,63,True,True,1.0,push-v3,203.5041320034628,True,False,False,True,False
metaworld,Closed-loop dependency audit; variants report proposal centering and gate dependence and do not support real-robot claims.,False,none,0,True,0.0,100,2.0915732383728027,0.06499208426582506,-0.9029578269273043,1.0132185474038125,12,expert_centered_no_gate,scripted_expert_centered_candidates,True,2.837523099995451,3,100,True,False,0.0,push-v3,6.4992084265825065,True,False,False,True,False
metaworld,Closed-loop dependency audit; variants report proposal centering and gate dependence and do not support real-robot claims.,False,none,0,True,0.0,100,2.4481565952301025,0.06376130117376733,1.3001438320614398,1.8341092550754547,12,mixed_expert_local_no_gate,mixed_expert_centered_and_local_gaussian_candidates,True,4.23451589999604,3,100,True,False,0.0,push-v3,6.376130117376733,True,False,False,True,False
metaworld,Closed-loop dependency audit; variants report proposal centering and gate dependence and do not support real-robot claims.,False,none,0,True,0.0,100,2.531017780303955,0.060851242880720025,1.6854144499450923,2.0113217389583586,12,local_gaussian_no_gate,local_gaussian_candidates,False,5.857163099994068,3,100,True,False,0.0,push-v3,6.085124288072002,False,False,False,True,False
metaworld,Closed-loop dependency audit; variants report proposal centering and gate dependence and do not support real-robot claims.,False,none,0,True,0.0,100,3.0158321857452393,0.10307357999348536,9.79204977184534,2.08225698530674,12,learned_demo_proposal_no_gate,nearest_demo_behavior_proposal_candidates,False,7.369394900000771,3,100,True,False,0.0,push-v3,10.307357999348536,False,False,True,True,False
metaworld,Closed-loop dependency audit; variants report proposal centering and gate dependence and do not support real-robot claims.,False,none,0,True,0.0,100,2.9229140281677246,0.16139026794556302,0.0,2.092305998057127,12,learned_demo_proposal_direct,nearest_demo_behavior_proposal_direct_action,False,8.052151399999275,3,100,True,False,0.0,push-v3,16.1390267945563,False,False,True,False,False
metaworld,Closed-loop dependency audit; variants report proposal centering and gate dependence and do not support real-robot claims.,False,none,0,True,0.0,100,3.012671709060669,0.05520854673268575,3.603166726268828,2.2197573846578598,12,learned_bc_proposal_no_gate,behavior_cloned_proposal_candidates,False,10.253116299994872,3,100,True,False,0.0,push-v3,5.520854673268575,False,True,False,True,False
metaworld,Closed-loop dependency audit; variants report proposal centering and gate dependence and do not support real-robot claims.,False,none,0,True,0.0,100,3.0085361003875732,0.052694320618804705,0.0,2.367842434644699,12,learned_bc_proposal_direct,behavior_cloned_direct_action,False,11.3121739999915,3,100,True,False,0.0,push-v3,5.269432061880471,False,True,False,False,False
metaworld,Closed-loop dependency audit; variants report proposal centering and gate dependence and do not support real-robot claims.,False,none,0,True,0.0,100,0.2688444256782532,3.1529977874490127,0.6544794960663869,0.10410600119771865,12,state_heuristic_proposal_no_gate,state_heuristic_proposal_candidates,False,12.109675500003505,3,65,True,True,1.0,push-v3,204.94485618418582,False,False,False,True,True
metaworld,Closed-loop dependency audit; variants report proposal centering and gate dependence and do not support real-robot claims.,False,none,0,True,0.0,100,4.482903648295178e-07,3.246871492841518,0.0,1.419893167557409e-07,12,state_heuristic_direct,state_heuristic_direct_action,False,12.512112199998228,3,63,True,True,1.0,push-v3,204.55290404901564,False,False,False,False,True
metaworld,Closed-loop dependency audit; variants report proposal centering and gate dependence and do not support real-robot claims.,False,none,0,True,0.0,100,2.4977681636810303,0.1029044169974401,0.0,1.4149892768263816,12,random_uniform,uniform_random_actions,False,13.225137300003553,3,100,True,False,0.0,push-v3,10.29044169974401,False,False,False,False,False
metaworld,Closed-loop dependency audit; variants report proposal centering and gate dependence and do not support real-robot claims.,False,none,0,True,0.0,100,0.0,3.2468714466346733,0.0,0.0,12,scripted_expert,scripted_expert_policy,True,13.5552708000032,3,63,True,True,1.0,push-v3,204.5529011379844,True,False,False,False,False
metaworld,Closed-loop dependency audit; variants report proposal centering and gate dependence and do not support real-robot claims.,True,none,0,True,0.5072463768115942,100,0.29729366302490234,3.055977301223127,7.844730874766475,0.03600299819979979,12,expert_centered_gate,scripted_expert_centered_candidates,True,1.147235800002818,4,69,True,True,1.0,push-v3,210.86243378439576,True,False,False,True,False
metaworld,Closed-loop dependency audit; variants report proposal centering and gate dependence and do not support real-robot claims.,False,none,0,True,0.0,100,2.840881586074829,0.06670004120026186,10.072040100097656,1.296100639104843,12,expert_centered_no_gate,scripted_expert_centered_candidates,True,2.5457927000097698,4,100,True,False,0.0,push-v3,6.670004120026186,True,False,False,True,False
metaworld,Closed-loop dependency audit; variants report proposal centering and gate dependence and do not support real-robot claims.,False,none,0,True,0.0,100,2.883185386657715,0.052829893887479065,7.813275418281555,2.209436684846878,12,mixed_expert_local_no_gate,mixed_expert_centered_and_local_gaussian_candidates,True,3.9049180000001797,4,100,True,False,0.0,push-v3,5.2829893887479065,True,False,False,True,False
metaworld,Closed-loop dependency audit; variants report proposal centering and gate dependence and do not support real-robot claims.,False,none,0,True,0.0,100,2.817959785461426,0.06125131827128791,7.5751268005371095,2.292559444308281,12,local_gaussian_no_gate,local_gaussian_candidates,False,5.166445900002145,4,100,True,False,0.0,push-v3,6.125131827128791,False,False,False,True,False
metaworld,Closed-loop dependency audit; variants report proposal centering and gate dependence and do not support real-robot claims.,False,none,0,True,0.0,100,3.023625373840332,0.05736959656924321,9.083806934356689,1.9499578443169594,12,learned_demo_proposal_no_gate,nearest_demo_behavior_proposal_candidates,False,6.675301199997193,4,100,True,False,0.0,push-v3,5.736959656924321,False,False,True,True,False
metaworld,Closed-loop dependency audit; variants report proposal centering and gate dependence and do not support real-robot claims.,False,none,0,True,0.0,100,2.7829737663269043,0.16447735960170934,0.0,1.9865963688492776,12,learned_demo_proposal_direct,nearest_demo_behavior_proposal_direct_action,False,7.276366999998572,4,100,True,False,0.0,push-v3,16.447735960170935,False,False,True,False,False
metaworld,Closed-loop dependency audit; variants report proposal centering and gate dependence and do not support real-robot claims.,False,none,0,True,0.0,100,3.2939186096191406,0.08766855211227022,11.332591876983642,2.5641805082559586,12,learned_bc_proposal_no_gate,behavior_cloned_proposal_candidates,False,9.747869600003469,4,100,True,False,0.0,push-v3,8.766855211227021,False,True,False,True,False
metaworld,Closed-loop dependency audit; variants report proposal centering and gate dependence and do not support real-robot claims.,False,none,0,True,0.0,100,2.0643112659454346,0.672561001558987,0.0,1.2684342522742384,12,learned_bc_proposal_direct,behavior_cloned_direct_action,False,11.06659600000421,4,59,True,True,1.0,push-v3,39.681099091980236,False,True,False,False,False
metaworld,Closed-loop dependency audit; variants report proposal centering and gate dependence and do not support real-robot claims.,False,none,0,True,0.0,100,0.24476130306720734,2.907343245064883,7.417152216736699,0.10792721260968648,12,state_heuristic_proposal_no_gate,state_heuristic_proposal_candidates,False,12.465652500002761,4,71,True,True,1.0,push-v3,206.4213703996067,False,False,False,True,True
metaworld,Closed-loop dependency audit; variants report proposal centering and gate dependence and do not support real-robot claims.,False,none,0,True,0.0,100,5.440964514491498e-07,3.0646349489761704,0.0,1.4390817771423854e-07,12,state_heuristic_direct,state_heuristic_direct_action,False,13.140636900003301,4,68,True,True,1.0,push-v3,208.3951765303796,False,False,False,False,True
metaworld,Closed-loop dependency audit; variants report proposal centering and gate dependence and do not support real-robot claims.,False,none,0,True,0.0,100,2.4839539527893066,0.03308771117703712,0.0,1.605088324546814,12,random_uniform,uniform_random_actions,False,14.295750400007819,4,100,True,False,0.0,push-v3,3.308771117703712,False,False,False,False,False
metaworld,Closed-loop dependency audit; variants report proposal centering and gate dependence and do not support real-robot claims.,False,none,0,True,0.0,100,0.0,3.0646349360410374,0.0,0.0,12,scripted_expert,scripted_expert_policy,True,14.711040700000012,4,68,True,True,1.0,push-v3,208.39517565079055,True,False,False,False,False
metaworld,Closed-loop dependency audit; variants report proposal centering and gate dependence and do not support real-robot claims.,True,none,0,True,0.1,100,0.33236825466156006,1.5362225670279677,-0.4327301299571991,0.0696793606877327,12,expert_centered_gate,scripted_expert_centered_candidates,True,1.153485599992564,0,50,True,True,1.0,pick-place-v3,76.81112835139838,True,False,False,True,False
metaworld,Closed-loop dependency audit; variants report proposal centering and gate dependence and do not support real-robot claims.,False,none,0,True,0.0,100,0.6516299247741699,1.4913881009912098,-0.2159879908842199,0.1145761379716443,12,expert_centered_no_gate,scripted_expert_centered_candidates,True,2.1328098999947542,0,51,True,True,1.0,pick-place-v3,76.0607931505517,True,False,False,True,False
metaworld,Closed-loop dependency audit; variants report proposal centering and gate dependence and do not support real-robot claims.,False,none,0,True,0.0,100,1.3477582931518555,2.266718245134543,-12.171105628013612,0.8920025783777237,12,mixed_expert_local_no_gate,mixed_expert_centered_and_local_gaussian_candidates,True,3.6936820999981137,0,100,True,False,0.0,pick-place-v3,226.6718245134543,True,False,False,True,False
metaworld,Closed-loop dependency audit; variants report proposal centering and gate dependence and do not support real-robot claims.,False,none,0,True,0.0,100,3.298332929611206,0.017707013136513697,356.49195089153943,2.280503906607628,12,local_gaussian_no_gate,local_gaussian_candidates,False,5.044404100000975,0,100,True,False,0.0,pick-place-v3,1.7707013136513698,False,False,False,True,False
metaworld,Closed-loop dependency audit; variants report proposal centering and gate dependence and do not support real-robot claims.,False,none,0,True,0.0,100,1.006566047668457,2.785980735148255,-14.631745602488518,0.605268664881587,12,learned_demo_proposal_no_gate,nearest_demo_behavior_proposal_candidates,False,6.453105099993991,0,100,True,False,0.0,pick-place-v3,278.5980735148255,False,False,True,True,False
metaworld,Closed-loop dependency audit; variants report proposal centering and gate dependence and do not support real-robot claims.,False,none,0,True,0.0,100,1.0091389417648315,2.9022439793227637,0.0,0.5938298070430755,12,learned_demo_proposal_direct,nearest_demo_behavior_proposal_direct_action,False,7.252933499999926,0,100,True,False,0.0,pick-place-v3,290.22439793227636,False,False,True,False,False
metaworld,Closed-loop dependency audit; variants report proposal centering and gate dependence and do not support real-robot claims.,False,none,0,True,0.0,100,0.6751958131790161,1.6135513670770911,-2.655159388597195,0.25225799143887484,12,learned_bc_proposal_no_gate,behavior_cloned_proposal_candidates,False,8.252462099990225,0,52,True,True,1.0,pick-place-v3,83.90467108800874,False,True,False,True,False
metaworld,Closed-loop dependency audit; variants report proposal centering and gate dependence and do not support real-robot claims.,False,none,0,True,0.0,100,0.4649111330509186,1.4437533549158588,0.0,0.15936042285196622,12,learned_bc_proposal_direct,behavior_cloned_direct_action,False,8.900836499989964,0,54,True,True,1.0,pick-place-v3,77.96268116545637,False,True,False,False,False
metaworld,Closed-loop dependency audit; variants report proposal centering and gate dependence and do not support real-robot claims.,False,none,0,True,0.0,100,0.280391663312912,1.4867465904267214,-0.5516186976919368,0.0983409518672292,12,state_heuristic_proposal_no_gate,state_heuristic_proposal_candidates,False,9.536486999990302,0,49,True,True,1.0,pick-place-v3,72.85058293090935,False,False,False,True,True
metaworld,Closed-loop dependency audit; variants report proposal centering and gate dependence and do not support real-robot claims.,False,none,0,True,0.0,100,4.182955137821409e-07,1.4491948898152291,0.0,9.642551412674029e-08,12,state_heuristic_direct,state_heuristic_direct_action,False,9.86813259999326,0,51,True,True,1.0,pick-place-v3,73.90893938057668,False,False,False,False,True
metaworld,Closed-loop dependency audit; variants report proposal centering and gate dependence and do not support real-robot claims.,False,none,0,True,0.0,100,2.482419013977051,0.01359919857591831,0.0,1.5298641243577003,12,random_uniform,uniform_random_actions,False,10.584886199998436,0,100,True,False,0.0,pick-place-v3,1.359919857591831,False,False,False,False,False
metaworld,Closed-loop dependency audit; variants report proposal centering and gate dependence and do not support real-robot claims.,False,none,0,True,0.0,100,0.0,1.449194811084422,0.0,0.0,12,scripted_expert,scripted_expert_policy,True,10.945907899993472,0,51,True,True,1.0,pick-place-v3,73.90893536530552,True,False,False,False,False
metaworld,Closed-loop dependency audit; variants report proposal centering and gate dependence and do not support real-robot claims.,True,none,0,True,0.375,100,0.34320715069770813,1.745279483766574,-3.9665151914315566,0.048333132306912115,12,expert_centered_gate,scripted_expert_centered_candidates,True,0.8031420000042999,1,56,True,True,1.0,pick-place-v3,97.73565109092814,True,False,False,True,False
metaworld,Closed-loop dependency audit; variants report proposal centering and gate dependence and do not support real-robot claims.,False,none,0,True,0.0,100,2.592362642288208,0.017172936760046786,2.2687542136013508,1.468802633881569,12,expert_centered_no_gate,scripted_expert_centered_candidates,True,2.4266088000003947,1,100,True,False,0.0,pick-place-v3,1.7172936760046784,True,False,False,True,False
metaworld,Closed-loop dependency audit; variants report proposal centering and gate dependence and do not support real-robot claims.,False,none,0,True,0.0,100,3.0200705528259277,0.013677532731007047,-6.237797432541847,2.083019730448723,12,mixed_expert_local_no_gate,mixed_expert_centered_and_local_gaussian_candidates,True,4.240218199993251,1,100,True,False,0.0,pick-place-v3,1.3677532731007047,True,False,False,True,False
metaworld,Closed-loop dependency audit; variants report proposal centering and gate dependence and do not support real-robot claims.,False,none,0,True,0.0,100,3.0132997035980225,0.014018369842240676,-6.334206289052963,2.140971167087555,12,local_gaussian_no_gate,local_gaussian_candidates,False,5.888197799999034,1,100,True,False,0.0,pick-place-v3,1.4018369842240677,False,False,False,True,False
metaworld,Closed-loop dependency audit; variants report proposal centering and gate dependence and do not support real-robot claims.,False,none,0,True,0.0,100,3.132450580596924,0.015064666382173138,-3.8870781889557837,1.7642461949586867,12,learned_demo_proposal_no_gate,nearest_demo_behavior_proposal_candidates,False,7.493169399996987,1,100,True,False,0.0,pick-place-v3,1.5064666382173137,False,False,True,True,False
metaworld,Closed-loop dependency audit; variants report proposal centering and gate dependence and do not support real-robot claims.,False,none,0,True,0.0,100,3.181912660598755,0.015156331038542949,0.0,1.7453536820411681,12,learned_demo_proposal_direct,nearest_demo_behavior_proposal_direct_action,False,8.132007099993643,1,100,True,False,0.0,pick-place-v3,1.515633103854295,False,False,True,False,False
metaworld,Closed-loop dependency audit; variants report proposal centering and gate dependence and do not support real-robot claims.,False,none,0,True,0.0,100,2.453077793121338,0.018665855277024034,-1.1885078896582126,1.296702717989683,12,learned_bc_proposal_no_gate,behavior_cloned_proposal_candidates,False,10.234106499992777,1,100,True,False,0.0,pick-place-v3,1.8665855277024033,False,True,False,True,False
metaworld,Closed-loop dependency audit; variants report proposal centering and gate dependence and do not support real-robot claims.,False,none,0,True,0.0,100,2.400343894958496,0.019624068244706264,0.0,1.2637007842957972,12,learned_bc_proposal_direct,behavior_cloned_direct_action,False,11.626154700003099,1,100,True,False,0.0,pick-place-v3,1.9624068244706265,False,True,False,False,False
metaworld,Closed-loop dependency audit; variants report proposal centering and gate dependence and do not support real-robot claims.,False,none,0,True,0.0,100,0.24354271590709686,1.757504904811492,-4.178025613751328,0.09398382246951785,12,state_heuristic_proposal_no_gate,state_heuristic_proposal_candidates,False,12.582921699999133,1,57,True,True,1.0,pick-place-v3,100.17777957425504,False,False,False,True,True
metaworld,Closed-loop dependency audit; variants report proposal centering and gate dependence and do not support real-robot claims.,False,none,0,True,0.0,100,4.953375309924013e-07,1.7181888302224297,0.0,1.333258186196996e-07,12,state_heuristic_direct,state_heuristic_direct_action,False,12.965351099992404,1,55,True,True,1.0,pick-place-v3,94.50038566223364,False,False,False,False,True
metaworld,Closed-loop dependency audit; variants report proposal centering and gate dependence and do not support real-robot claims.,False,none,0,True,0.0,100,2.3275206089019775,0.027765112890856165,0.0,1.4527829572558404,12,random_uniform,uniform_random_actions,False,13.68927370000165,1,100,True,False,0.0,pick-place-v3,2.7765112890856165,False,False,False,False,False
metaworld,Closed-loop dependency audit; variants report proposal centering and gate dependence and do not support real-robot claims.,False,none,0,True,0.0,100,0.0,1.718188835890413,0.0,0.0,12,scripted_expert,scripted_expert_policy,True,14.0585018999991,1,55,True,True,1.0,pick-place-v3,94.50038597397271,True,False,False,False,False
metaworld,Closed-loop dependency audit; variants report proposal centering and gate dependence and do not support real-robot claims.,True,none,0,True,0.05555555555555555,100,0.3345241844654083,1.302318866731184,-1.9876114582573925,0.08134576905932692,12,expert_centered_gate,scripted_expert_centered_candidates,True,0.7410721999913221,2,54,True,True,1.0,pick-place-v3,70.32521880348393,True,False,False,True,False
metaworld,Closed-loop dependency audit; variants report proposal centering and gate dependence and do not support real-robot claims.,False,none,0,True,0.0,100,0.7952796816825867,1.3272214543820136,-2.265638134800471,0.0848482887332256,12,expert_centered_no_gate,scripted_expert_centered_candidates,True,1.4601133999967715,2,52,True,True,1.0,pick-place-v3,69.0155156278647,True,False,False,True,False
metaworld,Closed-loop dependency audit; variants report proposal centering and gate dependence and do not support real-robot claims.,False,none,0,True,0.0,100,1.8020297288894653,2.121682722274903,-8.431479606032372,1.2767615018039942,12,mixed_expert_local_no_gate,mixed_expert_centered_and_local_gaussian_candidates,True,2.7072952000016812,2,100,True,False,0.0,pick-place-v3,212.1682722274903,True,False,False,True,False
metaworld,Closed-loop dependency audit; variants report proposal centering and gate dependence and do not support real-robot claims.,False,none,0,True,0.0,100,1.8582334518432617,2.180617090547341,-8.521389210224152,1.3047306394577027,12,local_gaussian_no_gate,local_gaussian_candidates,False,3.9360097000026144,2,100,True,False,0.0,pick-place-v3,218.0617090547341,False,False,False,True,False
metaworld,Closed-loop dependency audit; variants report proposal centering and gate dependence and do not support real-robot claims.,False,none,0,True,0.0,100,2.4427616596221924,0.023375295524844644,-35.78863758087158,1.5462267830967904,12,learned_demo_proposal_no_gate,nearest_demo_behavior_proposal_candidates,False,5.230712899996433,2,100,True,False,0.0,pick-place-v3,2.3375295524844644,False,False,True,True,False
metaworld,Closed-loop dependency audit; variants report proposal centering and gate dependence and do not support real-robot claims.,False,none,0,True,0.0,100,2.1316230297088623,0.03195960983068183,0.0,1.3156288358569146,12,learned_demo_proposal_direct,nearest_demo_behavior_proposal_direct_action,False,5.804043299998739,2,100,True,False,0.0,pick-place-v3,3.195960983068183,False,False,True,False,False
metaworld,Closed-loop dependency audit; variants report proposal centering and gate dependence and do not support real-robot claims.,False,none,0,True,0.0,100,3.177109479904175,0.012333719125862015,-37.18918953388929,2.4528617346286774,12,learned_bc_proposal_no_gate,behavior_cloned_proposal_candidates,False,7.495566500001587,2,100,True,False,0.0,pick-place-v3,1.2333719125862015,False,True,False,True,False
metaworld,Closed-loop dependency audit; variants report proposal centering and gate dependence and do not support real-robot claims.,False,none,0,True,0.0,100,3.605536937713623,0.013151967319794655,0.0,2.564744017124176,12,learned_bc_proposal_direct,behavior_cloned_direct_action,False,8.461416899997857,2,100,True,False,0.0,pick-place-v3,1.3151967319794655,False,True,False,False,False
metaworld,Closed-loop dependency audit; variants report proposal centering and gate dependence and do not support real-robot claims.,False,none,0,True,0.0,100,0.2490660548210144,1.387566270891718,-2.1002461482893744,0.09522856933609494,12,state_heuristic_proposal_no_gate,state_heuristic_proposal_candidates,False,9.15842779999366,2,53,True,True,1.0,pick-place-v3,73.54101235726105,False,False,False,True,True
metaworld,Closed-loop dependency audit; variants report proposal centering and gate dependence and do not support real-robot claims.,False,none,0,True,0.0,100,6.080331331759226e-07,1.279077383293448,0.0,1.7458327522232057e-07,12,state_heuristic_direct,state_heuristic_direct_action,False,9.50064040000143,2,55,True,True,1.0,pick-place-v3,70.34925608113963,False,False,False,False,True
metaworld,Closed-loop dependency audit; variants report proposal centering and gate dependence and do not support real-robot claims.,False,none,0,True,0.0,100,2.363489866256714,0.01588526440928515,0.0,1.3238398386538028,12,random_uniform,uniform_random_actions,False,10.21411289999378,2,100,True,False,0.0,pick-place-v3,1.5885264409285151,False,False,False,False,False
metaworld,Closed-loop dependency audit; variants report proposal centering and gate dependence and do not support real-robot claims.,False,none,0,True,0.0,100,0.0,1.2790774821275126,0.0,0.0,12,scripted_expert,scripted_expert_policy,True,10.588133500001277,2,55,True,True,1.0,pick-place-v3,70.34926151701319,True,False,False,False,False
metaworld,Closed-loop dependency audit; variants report proposal centering and gate dependence and do not support real-robot claims.,True,none,0,True,0.1111111111111111,100,0.3142407238483429,1.2158710656316303,-8.540517352245471,0.07060103152913076,12,expert_centered_gate,scripted_expert_centered_candidates,True,0.7344587999978103,3,54,True,True,1.0,pick-place-v3,65.65703754410804,True,False,False,True,False
metaworld,Closed-loop dependency audit; variants report proposal centering and gate dependence and do not support real-robot claims.,False,none,0,True,0.0,100,1.6991750001907349,0.08308818695982689,-6.557488651946187,0.28363292597234246,12,expert_centered_no_gate,scripted_expert_centered_candidates,True,2.4925866999983555,3,100,True,False,0.0,pick-place-v3,8.308818695982689,True,False,False,True,False
metaworld,Closed-loop dependency audit; variants report proposal centering and gate dependence and do not support real-robot claims.,False,none,0,True,0.0,100,3.0847370624542236,0.02856438773549998,63.298763947486876,2.0318463203310966,12,mixed_expert_local_no_gate,mixed_expert_centered_and_local_gaussian_candidates,True,4.232300199990277,3,100,True,False,0.0,pick-place-v3,2.856438773549998,True,False,False,True,False
metaworld,Closed-loop dependency audit; variants report proposal centering and gate dependence and do not support real-robot claims.,False,none,0,True,0.0,100,2.9809625148773193,0.015685494182202317,47.24864966750145,2.0027025502920153,12,local_gaussian_no_gate,local_gaussian_candidates,False,5.403197799998452,3,100,True,False,0.0,pick-place-v3,1.5685494182202315,False,False,False,True,False
metaworld,Closed-loop dependency audit; variants report proposal centering and gate dependence and do not support real-robot claims.,False,none,0,True,0.0,100,1.7267377376556396,0.05959843778122205,63.305008755922316,1.187305048108101,12,learned_demo_proposal_no_gate,nearest_demo_behavior_proposal_candidates,False,6.483423899990157,3,100,True,False,0.0,pick-place-v3,5.959843778122205,False,False,True,True,False
metaworld,Closed-loop dependency audit; variants report proposal centering and gate dependence and do not support real-robot claims.,False,none,0,True,0.0,100,1.519321084022522,0.03254424291196601,0.0,1.1780192691087723,12,learned_demo_proposal_direct,nearest_demo_behavior_proposal_direct_action,False,6.812123299998348,3,100,True,False,0.0,pick-place-v3,3.2544242911966013,False,False,True,False,False
metaworld,Closed-loop dependency audit; variants report proposal centering and gate dependence and do not support real-robot claims.,False,none,0,True,0.0,100,0.9222608804702759,1.4605062721427422,-8.292236464364189,0.25978530035354197,12,learned_bc_proposal_no_gate,behavior_cloned_proposal_candidates,False,7.48189039999852,3,56,True,True,1.0,pick-place-v3,81.78835123999356,False,True,False,True,False
metaworld,Closed-loop dependency audit; variants report proposal centering and gate dependence and do not support real-robot claims.,False,none,0,True,0.0,100,0.840149998664856,1.6192572078760519,0.0,0.238716528987733,12,learned_bc_proposal_direct,behavior_cloned_direct_action,False,8.17070909999893,3,59,True,True,1.0,pick-place-v3,95.53617526468706,False,True,False,False,False
metaworld,Closed-loop dependency audit; variants report proposal centering and gate dependence and do not support real-robot claims.,False,none,0,True,0.0,100,0.23040471971035004,1.3182572693656451,-8.666191177548102,0.08770936414739995,12,state_heuristic_proposal_no_gate,state_heuristic_proposal_candidates,False,8.660230599998613,3,53,True,True,1.0,pick-place-v3,69.86763527637919,False,False,False,True,True
metaworld,Closed-loop dependency audit; variants report proposal centering and gate dependence and do not support real-robot claims.,False,none,0,True,0.0,100,5.397430413722759e-07,1.2954635321250079,0.0,1.287939645531712e-07,12,state_heuristic_direct,state_heuristic_direct_action,False,8.92364870000165,3,52,True,True,1.0,pick-place-v3,67.36410367050041,False,False,False,False,True
metaworld,Closed-loop dependency audit; variants report proposal centering and gate dependence and do not support real-robot claims.,False,none,0,True,0.0,100,2.712023973464966,0.00870683252413297,0.0,1.6608862257003785,12,random_uniform,uniform_random_actions,False,9.364816899993457,3,100,True,False,0.0,pick-place-v3,0.870683252413297,False,False,False,False,False
metaworld,Closed-loop dependency audit; variants report proposal centering and gate dependence and do not support real-robot claims.,False,none,0,True,0.0,100,0.0,1.2954635902900706,0.0,0.0,12,scripted_expert,scripted_expert_policy,True,9.558845599996857,3,52,True,True,1.0,pick-place-v3,67.36410669508368,True,False,False,False,False
metaworld,Closed-loop dependency audit; variants report proposal centering and gate dependence and do not support real-robot claims.,True,none,0,True,0.09433962264150944,100,0.26037219166755676,1.5709124136685244,2.218065769042609,0.05183578637551586,12,expert_centered_gate,scripted_expert_centered_candidates,True,0.550940700006322,4,53,True,True,1.0,pick-place-v3,83.25835792443179,True,False,False,True,False
metaworld,Closed-loop dependency audit; variants report proposal centering and gate dependence and do not support real-robot claims.,False,none,0,True,0.0,100,0.5691236257553101,1.6001424797410964,1.92911290205442,0.061519502518841855,12,expert_centered_no_gate,scripted_expert_centered_candidates,True,1.1095303000038257,4,52,True,True,1.0,pick-place-v3,83.20740894653702,True,False,False,True,False
metaworld,Closed-loop dependency audit; variants report proposal centering and gate dependence and do not support real-robot claims.,False,none,0,True,0.0,100,2.640169858932495,0.06347176043744229,-75.51648069769143,1.374531585648656,12,mixed_expert_local_no_gate,mixed_expert_centered_and_local_gaussian_candidates,True,2.3460747999924934,4,100,True,False,0.0,pick-place-v3,6.347176043744229,True,False,False,True,False
metaworld,Closed-loop dependency audit; variants report proposal centering and gate dependence and do not support real-robot claims.,False,none,0,True,0.0,100,2.2360680103302,0.24044611057687135,-2.608913149833679,1.351836789995432,12,local_gaussian_no_gate,local_gaussian_candidates,False,3.4897956999921007,4,100,True,False,0.0,pick-place-v3,24.044611057687135,False,False,False,True,False
metaworld,Closed-loop dependency audit; variants report proposal centering and gate dependence and do not support real-robot claims.,False,none,0,True,0.0,100,1.7231004238128662,0.09015270484703708,-17.4253445070982,1.071585409194231,12,learned_demo_proposal_no_gate,nearest_demo_behavior_proposal_candidates,False,4.758812999993097,4,100,True,False,0.0,pick-place-v3,9.015270484703708,False,False,True,True,False
metaworld,Closed-loop dependency audit; variants report proposal centering and gate dependence and do not support real-robot claims.,False,none,0,True,0.0,100,1.5322132110595703,0.04469413765953768,0.0,1.1383229932188987,12,learned_demo_proposal_direct,nearest_demo_behavior_proposal_direct_action,False,5.3259076999966055,4,100,True,False,0.0,pick-place-v3,4.469413765953768,False,False,True,False,False
metaworld,Closed-loop dependency audit; variants report proposal centering and gate dependence and do not support real-robot claims.,False,none,0,True,0.0,100,2.6815569400787354,0.017468931278594977,7.827315706275403,1.98698188662529,12,learned_bc_proposal_no_gate,behavior_cloned_proposal_candidates,False,6.940561900002649,4,100,True,False,0.0,pick-place-v3,1.7468931278594977,False,True,False,True,False
metaworld,Closed-loop dependency audit; variants report proposal centering and gate dependence and do not support real-robot claims.,False,none,0,True,0.0,100,2.679415225982666,0.01579689369399663,0.0,2.1811427867412565,12,learned_bc_proposal_direct,behavior_cloned_direct_action,False,13.234541400001035,4,100,True,False,0.0,pick-place-v3,1.5796893693996632,False,True,False,False,False
metaworld,Closed-loop dependency audit; variants report proposal centering and gate dependence and do not support real-robot claims.,False,none,0,True,0.0,100,0.308837890625,1.7146959954143524,1.468143417285039,0.08514018475006406,12,state_heuristic_proposal_no_gate,state_heuristic_proposal_candidates,False,14.224424999993062,4,52,True,True,1.0,pick-place-v3,89.16419176154632,False,False,False,True,True
metaworld,Closed-loop dependency audit; variants report proposal centering and gate dependence and do not support real-robot claims.,False,none,0,True,0.0,100,5.075289095657354e-07,1.5897540922625482,0.0,1.2329996810223065e-07,12,state_heuristic_direct,state_heuristic_direct_action,False,14.733581699998467,4,55,True,True,1.0,pick-place-v3,87.43647507444015,False,False,False,False,True
metaworld,Closed-loop dependency audit; variants report proposal centering and gate dependence and do not support real-robot claims.,False,none,0,True,0.0,100,2.3818469047546387,0.018940902275689397,0.0,1.393944672346115,12,random_uniform,uniform_random_actions,False,15.669840999995358,4,100,True,False,0.0,pick-place-v3,1.8940902275689397,False,False,False,False,False
metaworld,Closed-loop dependency audit; variants report proposal centering and gate dependence and do not support real-robot claims.,False,none,0,True,0.0,100,0.0,1.589754074248301,0.0,0.0,12,scripted_expert,scripted_expert_policy,True,16.278711099992506,4,55,True,True,1.0,pick-place-v3,87.43647408365655,True,False,False,False,False
metaworld,Closed-loop dependency audit; variants report proposal centering and gate dependence and do not support real-robot claims.,True,none,0,True,0.0,100,0.3434956967830658,0.7098427183942417,-0.11614849577184583,0.0056310769964437015,12,expert_centered_gate,scripted_expert_centered_candidates,True,0.8288423000049079,0,61,True,True,1.0,button-press-v3,43.300405822048745,True,False,False,True,False
metaworld,Closed-loop dependency audit; variants report proposal centering and gate dependence and do not support real-robot claims.,False,none,0,True,0.0,100,0.03720856457948685,0.7097545253156006,-0.11315849081414645,0.0006099764685161778,12,expert_centered_no_gate,scripted_expert_centered_candidates,True,1.4979521999921417,0,61,True,True,1.0,button-press-v3,43.295026044251635,True,False,False,True,False
metaworld,Closed-loop dependency audit; variants report proposal centering and gate dependence and do not support real-robot claims.,False,none,0,True,0.0,100,1.6817008256912231,0.25063628459298876,0.955853479988873,1.3459439215064049,12,mixed_expert_local_no_gate,mixed_expert_centered_and_local_gaussian_candidates,True,2.7109714999969583,0,100,True,False,0.0,button-press-v3,25.063628459298876,True,False,False,True,False
metaworld,Closed-loop dependency audit; variants report proposal centering and gate dependence and do not support real-robot claims.,False,none,0,True,0.0,100,2.218717575073242,0.4781621305685861,0.8403459605574608,1.9653170120716095,12,local_gaussian_no_gate,local_gaussian_candidates,False,3.9082569000020158,0,100,True,False,0.0,button-press-v3,47.81621305685861,False,False,False,True,False
metaworld,Closed-loop dependency audit; variants report proposal centering and gate dependence and do not support real-robot claims.,False,none,0,True,0.0,100,0.13198013603687286,0.7096395840812231,-0.129964108349847,0.032558836097271775,12,learned_demo_proposal_no_gate,nearest_demo_behavior_proposal_candidates,False,4.716243500006385,0,61,True,True,1.0,button-press-v3,43.288014628954606,False,False,True,True,False
metaworld,Closed-loop dependency audit; variants report proposal centering and gate dependence and do not support real-robot claims.,False,none,0,True,0.0,100,0.056646645069122314,0.721621429444351,0.0,0.03382927150044951,12,learned_demo_proposal_direct,nearest_demo_behavior_proposal_direct_action,False,5.0913261999958195,0,62,True,True,1.0,button-press-v3,44.740528625549764,False,False,True,False,False
metaworld,Closed-loop dependency audit; variants report proposal centering and gate dependence and do not support real-robot claims.,False,none,0,True,0.0,100,1.8497238159179688,0.7210992261945394,4.046750846718039,0.14850982225367002,12,learned_bc_proposal_no_gate,behavior_cloned_proposal_candidates,False,6.075331899992307,0,63,True,True,1.0,button-press-v3,45.42925125025598,False,True,False,True,False
metaworld,Closed-loop dependency audit; variants report proposal centering and gate dependence and do not support real-robot claims.,False,none,0,True,0.0,100,1.8132694959640503,0.7069405748060567,0.0,0.11554193649379933,12,learned_bc_proposal_direct,behavior_cloned_direct_action,False,6.757458799998858,0,61,True,True,1.0,button-press-v3,43.123375063169455,False,True,False,False,False
metaworld,Closed-loop dependency audit; variants report proposal centering and gate dependence and do not support real-robot claims.,False,none,0,True,0.0,100,0.06306004524230957,0.7097634820930759,-0.11882558318435169,0.01001140332529459,12,state_heuristic_proposal_no_gate,state_heuristic_proposal_candidates,False,7.486994899998535,0,61,True,True,1.0,button-press-v3,43.29557240767763,False,False,False,True,True
metaworld,Closed-loop dependency audit; variants report proposal centering and gate dependence and do not support real-robot claims.,False,none,0,True,0.0,100,1.0168063369064839e-07,0.7097630741548517,0.0,5.6448402527867524e-08,12,state_heuristic_direct,state_heuristic_direct_action,False,7.808017599993036,0,61,True,True,1.0,button-press-v3,43.295547523445954,False,False,False,False,True
metaworld,Closed-loop dependency audit; variants report proposal centering and gate dependence and do not support real-robot claims.,False,none,0,True,0.0,100,3.0192344188690186,0.29177572109453787,0.0,2.007317948937416,12,random_uniform,uniform_random_actions,False,8.443737699999474,0,100,True,False,0.0,button-press-v3,29.177572109453788,False,False,False,False,False
metaworld,Closed-loop dependency audit; variants report proposal centering and gate dependence and do not support real-robot claims.,False,none,0,True,0.0,100,0.0,0.7097578646739171,0.0,0.0,12,scripted_expert,scripted_expert_policy,True,8.672613500006264,0,61,True,True,1.0,button-press-v3,43.29522974510894,True,False,False,False,False
metaworld,Closed-loop dependency audit; variants report proposal centering and gate dependence and do not support real-robot claims.,True,none,0,True,0.0,100,0.05461782589554787,0.6960458547622481,-1.4208659412430935,0.0008953741950089814,12,expert_centered_gate,scripted_expert_centered_candidates,True,0.5381603999994695,1,61,True,True,1.0,button-press-v3,42.45879714049713,True,False,False,True,False
metaworld,Closed-loop dependency audit; variants report proposal centering and gate dependence and do not support real-robot claims.,False,none,0,True,0.0,100,0.0,0.6959577694119161,-1.4198824159923147,0.0,12,expert_centered_no_gate,scripted_expert_centered_candidates,True,1.1379205999983242,1,61,True,True,1.0,button-press-v3,42.45342393412688,True,False,False,True,False
metaworld,Closed-loop dependency audit; variants report proposal centering and gate dependence and do not support real-robot claims.,False,none,0,True,0.0,100,1.8766512870788574,0.18976348746138139,0.17823204927146435,1.5359324176609517,12,mixed_expert_local_no_gate,mixed_expert_centered_and_local_gaussian_candidates,True,1.9919980999984546,1,100,True,False,0.0,button-press-v3,18.97634874613814,True,False,False,True,False
metaworld,Closed-loop dependency audit; variants report proposal centering and gate dependence and do not support real-robot claims.,False,none,0,True,0.0,100,2.262296676635742,0.5333656674679292,-1.149945521056652,1.8630263209342957,12,local_gaussian_no_gate,local_gaussian_candidates,False,2.891155699995579,1,100,True,False,0.0,button-press-v3,53.336566746792926,False,False,False,True,False
metaworld,Closed-loop dependency audit; variants report proposal centering and gate dependence and do not support real-robot claims.,False,none,0,True,0.0,100,0.26505613327026367,0.695358931679156,-1.4522389237020836,0.043293735935146634,12,learned_demo_proposal_no_gate,nearest_demo_behavior_proposal_candidates,False,3.425510699991719,1,61,True,True,1.0,button-press-v3,42.41689483242851,False,False,True,True,False
metaworld,Closed-loop dependency audit; variants report proposal centering and gate dependence and do not support real-robot claims.,False,none,0,True,0.0,100,0.08611714839935303,0.682265353810394,0.0,0.04839567511032025,12,learned_demo_proposal_direct,nearest_demo_behavior_proposal_direct_action,False,3.674384400001145,1,60,True,True,1.0,button-press-v3,40.93592122862364,False,False,True,False,False
metaworld,Closed-loop dependency audit; variants report proposal centering and gate dependence and do not support real-robot claims.,False,none,0,True,0.0,100,0.402935266494751,0.6863801795672306,0.5120977421128561,0.116147528446856,12,learned_bc_proposal_no_gate,behavior_cloned_proposal_candidates,False,4.544454199989559,1,63,True,True,1.0,button-press-v3,43.24195131273553,False,True,False,True,False
metaworld,Closed-loop dependency audit; variants report proposal centering and gate dependence and do not support real-robot claims.,False,none,0,True,0.0,100,0.7381444573402405,0.6821979895720597,0.0,0.08207111043157056,12,learned_bc_proposal_direct,behavior_cloned_direct_action,False,5.0943874999939,1,64,True,True,1.0,button-press-v3,43.66067133261182,False,True,False,False,False
metaworld,Closed-loop dependency audit; variants report proposal centering and gate dependence and do not support real-robot claims.,False,none,0,True,0.0,100,0.10663894563913345,0.6948129923453679,-1.440124535230828,0.014904387055879507,12,state_heuristic_proposal_no_gate,state_heuristic_proposal_candidates,False,5.7272624999895925,1,61,True,True,1.0,button-press-v3,42.38359253306744,False,False,False,True,True
metaworld,Closed-loop dependency audit; variants report proposal centering and gate dependence and do not support real-robot claims.,False,none,0,True,0.0,100,1.2287812012345967e-07,0.6959577694262137,0.0,4.695436488438205e-08,12,state_heuristic_direct,state_heuristic_direct_action,False,5.993655899990699,1,61,True,True,1.0,button-press-v3,42.45342393499904,False,False,False,False,True
metaworld,Closed-loop dependency audit; variants report proposal centering and gate dependence and do not support real-robot claims.,False,none,0,True,0.0,100,2.9370949268341064,0.33784893839123403,0.0,2.1334728556871414,12,random_uniform,uniform_random_actions,False,6.362871899997117,1,100,True,False,0.0,button-press-v3,33.784893839123406,False,False,False,False,False
metaworld,Closed-loop dependency audit; variants report proposal centering and gate dependence and do not support real-robot claims.,False,none,0,True,0.0,100,0.0,0.6959577694119161,0.0,0.0,12,scripted_expert,scripted_expert_policy,True,6.585901599988574,1,61,True,True,1.0,button-press-v3,42.45342393412688,True,False,False,False,False
metaworld,Closed-loop dependency audit; variants report proposal centering and gate dependence and do not support real-robot claims.,True,none,0,True,0.016129032258064516,100,0.23286956548690796,0.7284310652352793,0.7340550905754489,0.007118774037207326,12,expert_centered_gate,scripted_expert_centered_candidates,True,0.6880802000086987,2,62,True,True,1.0,button-press-v3,45.162726044587316,True,False,False,True,False
metaworld,Closed-loop dependency audit; variants report proposal centering and gate dependence and do not support real-robot claims.,False,none,0,True,0.0,100,0.3037961423397064,0.7016153851079953,0.7882642431805531,0.007444358617067337,12,expert_centered_no_gate,scripted_expert_centered_candidates,True,1.2870975999976508,2,60,True,True,1.0,button-press-v3,42.096923106479714,True,False,False,True,False
metaworld,Closed-loop dependency audit; variants report proposal centering and gate dependence and do not support real-robot claims.,False,none,0,True,0.0,100,2.4441092014312744,0.6829013601200237,0.033143333420157434,1.599278315231204,12,mixed_expert_local_no_gate,mixed_expert_centered_and_local_gaussian_candidates,True,2.249081500005559,2,100,True,False,0.0,button-press-v3,68.29013601200236,True,False,False,True,False
metaworld,Closed-loop dependency audit; variants report proposal centering and gate dependence and do not support real-robot claims.,False,none,0,True,0.0,100,2.5925047397613525,0.5369712514544629,0.2571166089549661,2.063043404817581,12,local_gaussian_no_gate,local_gaussian_candidates,False,2.961112899996806,2,100,True,False,0.0,button-press-v3,53.697125145446286,False,False,False,True,False
metaworld,Closed-loop dependency audit; variants report proposal centering and gate dependence and do not support real-robot claims.,False,none,0,True,0.0,100,2.1481871604919434,0.7841236329689643,0.4846117953243463,1.6450305527406812,12,learned_demo_proposal_no_gate,nearest_demo_behavior_proposal_candidates,False,3.4526572000031592,2,69,True,True,1.0,button-press-v3,54.10453067485853,False,False,True,True,False
metaworld,Closed-loop dependency audit; variants report proposal centering and gate dependence and do not support real-robot claims.,False,none,0,True,0.0,100,2.161590814590454,0.7790000812562459,0.0,1.6595963196478027,12,learned_demo_proposal_direct,nearest_demo_behavior_proposal_direct_action,False,3.6974328000069363,2,69,True,True,1.0,button-press-v3,53.75100560668096,False,False,True,False,False
metaworld,Closed-loop dependency audit; variants report proposal centering and gate dependence and do not support real-robot claims.,False,none,0,True,0.0,100,1.2587506771087646,0.7198867073763812,1.099344199639745,0.1232832533569308,12,learned_bc_proposal_no_gate,behavior_cloned_proposal_candidates,False,4.4859162000066135,2,64,True,True,1.0,button-press-v3,46.072749272088394,False,True,False,True,False
metaworld,Closed-loop dependency audit; variants report proposal centering and gate dependence and do not support real-robot claims.,False,none,0,True,0.0,100,1.7773160934448242,0.7110640343256731,0.0,0.12145296994310159,12,learned_bc_proposal_direct,behavior_cloned_direct_action,False,5.24558750000142,2,65,True,True,1.0,button-press-v3,46.21916223116875,False,True,False,False,False
metaworld,Closed-loop dependency audit; variants report proposal centering and gate dependence and do not support real-robot claims.,False,none,0,True,0.0,100,0.08355820924043655,0.7284815908886875,0.7092212014380963,0.01543820730105869,12,state_heuristic_proposal_no_gate,state_heuristic_proposal_candidates,False,5.982382400005008,2,62,True,True,1.0,button-press-v3,45.16585863509862,False,False,False,True,True
metaworld,Closed-loop dependency audit; variants report proposal centering and gate dependence and do not support real-robot claims.,False,none,0,True,0.0,100,1.2287812012345967e-07,0.7282198297384859,0.0,5.934168456980894e-08,12,state_heuristic_direct,state_heuristic_direct_action,False,6.37205800000811,2,62,True,True,1.0,button-press-v3,45.149629443786125,False,False,False,False,True
metaworld,Closed-loop dependency audit; variants report proposal centering and gate dependence and do not support real-robot claims.,False,none,0,True,0.0,100,3.3909549713134766,0.28339328620159565,0.0,1.9787023615837098,12,random_uniform,uniform_random_actions,False,6.782613400006085,2,100,True,False,0.0,button-press-v3,28.339328620159563,False,False,False,False,False
metaworld,Closed-loop dependency audit; variants report proposal centering and gate dependence and do not support real-robot claims.,False,none,0,True,0.0,100,0.0,0.7282186672813816,0.0,0.0,12,scripted_expert,scripted_expert_policy,True,6.983260199995129,2,62,True,True,1.0,button-press-v3,45.14955737144566,True,False,False,False,False
metaworld,Closed-loop dependency audit; variants report proposal centering and gate dependence and do not support real-robot claims.,True,none,0,True,0.016666666666666666,100,0.0,0.671196884477101,-0.38253104289372764,0.0,12,expert_centered_gate,scripted_expert_centered_candidates,True,0.5205344000132754,3,60,True,True,1.0,button-press-v3,40.27181306862606,True,False,False,True,False
metaworld,Closed-loop dependency audit; variants report proposal centering and gate dependence and do not support real-robot claims.,False,none,0,True,0.0,100,0.19724951684474945,0.6844795205545018,-0.41660712488362045,0.0032335986367991714,12,expert_centered_no_gate,scripted_expert_centered_candidates,True,0.9248974000074668,3,61,True,True,1.0,button-press-v3,41.75325075382461,True,False,False,True,False
metaworld,Closed-loop dependency audit; variants report proposal centering and gate dependence and do not support real-robot claims.,False,none,0,True,0.0,100,2.2264397144317627,0.7044146632647215,-0.8360378680721162,0.7122755844205145,12,mixed_expert_local_no_gate,mixed_expert_centered_and_local_gaussian_candidates,True,1.2838803000049666,3,63,True,True,1.0,button-press-v3,44.37812378567745,True,False,False,True,False
metaworld,Closed-loop dependency audit; variants report proposal centering and gate dependence and do not support real-robot claims.,False,none,0,True,0.0,100,1.9688550233840942,0.8109666795424465,-0.4743370119529434,1.331386529946629,12,local_gaussian_no_gate,local_gaussian_candidates,False,1.8861357000132557,3,79,True,True,1.0,button-press-v3,64.06636768385327,False,False,False,True,False
metaworld,Closed-loop dependency audit; variants report proposal centering and gate dependence and do not support real-robot claims.,False,none,0,True,0.0,100,0.4000251293182373,0.6954528326286831,-0.43185106208247526,0.2611777794457251,12,learned_demo_proposal_no_gate,nearest_demo_behavior_proposal_candidates,False,2.2774317000003066,3,62,True,True,1.0,button-press-v3,43.11807562297835,False,False,True,True,False
metaworld,Closed-loop dependency audit; variants report proposal centering and gate dependence and do not support real-robot claims.,False,none,0,True,0.0,100,0.2741606831550598,0.7508264721628451,0.0,0.26911694797522884,12,learned_demo_proposal_direct,nearest_demo_behavior_proposal_direct_action,False,2.486102500013658,3,68,True,True,1.0,button-press-v3,51.05620010707347,False,False,True,False,False
metaworld,Closed-loop dependency audit; variants report proposal centering and gate dependence and do not support real-robot claims.,False,none,0,True,0.0,100,3.479886770248413,0.1675196448599693,62.54072282314301,2.908107684850693,12,learned_bc_proposal_no_gate,behavior_cloned_proposal_candidates,False,3.5362826000055065,3,100,True,False,0.0,button-press-v3,16.751964485996933,False,True,False,True,False
metaworld,Closed-loop dependency audit; variants report proposal centering and gate dependence and do not support real-robot claims.,False,none,0,True,0.0,100,3.519148111343384,0.16167201697601388,0.0,2.9777923107147215,12,learned_bc_proposal_direct,behavior_cloned_direct_action,False,3.987354300013976,3,100,True,False,0.0,button-press-v3,16.16720169760139,False,True,False,False,False
metaworld,Closed-loop dependency audit; variants report proposal centering and gate dependence and do not support real-robot claims.,False,none,0,True,0.0,100,0.14664076268672943,0.6838965852187535,-0.42269218407693454,0.009528478422175088,12,state_heuristic_proposal_no_gate,state_heuristic_proposal_candidates,False,4.371571900002891,3,61,True,True,1.0,button-press-v3,41.71769169834396,False,False,False,True,True
metaworld,Closed-loop dependency audit; variants report proposal centering and gate dependence and do not support real-robot claims.,False,none,0,True,0.0,100,1.1920928955078125e-07,0.6711968844728385,0.0,3.700979521366795e-08,12,state_heuristic_direct,state_heuristic_direct_action,False,4.585589600013918,3,60,True,True,1.0,button-press-v3,40.271813068370314,False,False,False,False,True
metaworld,Closed-loop dependency audit; variants report proposal centering and gate dependence and do not support real-robot claims.,False,none,0,True,0.0,100,3.136800765991211,0.2821819565078911,0.0,1.8195405578613282,12,random_uniform,uniform_random_actions,False,4.8695747000019765,3,100,True,False,0.0,button-press-v3,28.218195650789106,False,False,False,False,False
metaworld,Closed-loop dependency audit; variants report proposal centering and gate dependence and do not support real-robot claims.,False,none,0,True,0.0,100,0.0,0.671196884477101,0.0,0.0,12,scripted_expert,scripted_expert_policy,True,5.000562600005651,3,60,True,True,1.0,button-press-v3,40.27181306862606,True,False,False,False,False
metaworld,Closed-loop dependency audit; variants report proposal centering and gate dependence and do not support real-robot claims.,True,none,0,True,0.0,100,0.10090763121843338,0.6775247205017837,1.1590742039478432,0.0017102988342107353,12,expert_centered_gate,scripted_expert_centered_candidates,True,0.370963399996981,4,59,True,True,1.0,button-press-v3,39.97395850960524,True,False,False,True,False
metaworld,Closed-loop dependency audit; variants report proposal centering and gate dependence and do not support real-robot claims.,False,none,0,True,0.0,100,0.12443292886018753,0.6891614266718743,1.1483938241998355,0.004351410207649072,12,expert_centered_no_gate,scripted_expert_centered_candidates,True,0.9703352999931667,4,60,True,True,1.0,button-press-v3,41.349685600312455,True,False,False,True,False
metaworld,Closed-loop dependency audit; variants report proposal centering and gate dependence and do not support real-robot claims.,False,none,0,True,0.0,100,2.13936185836792,0.4475761728942447,2.6914382070302962,1.2709140892326831,12,mixed_expert_local_no_gate,mixed_expert_centered_and_local_gaussian_candidates,True,1.7484726999973645,4,100,True,False,0.0,button-press-v3,44.757617289424466,True,False,False,True,False
metaworld,Closed-loop dependency audit; variants report proposal centering and gate dependence and do not support real-robot claims.,False,none,0,True,0.0,100,2.1875851154327393,0.5262447949398588,1.1282005797233432,1.7125517970323563,12,local_gaussian_no_gate,local_gaussian_candidates,False,2.4413572999910684,4,100,True,False,0.0,button-press-v3,52.62447949398588,False,False,False,True,False
metaworld,Closed-loop dependency audit; variants report proposal centering and gate dependence and do not support real-robot claims.,False,none,0,True,0.0,100,0.2096155881881714,0.6627876108735926,1.145855966826965,0.15632969738337502,12,learned_demo_proposal_no_gate,nearest_demo_behavior_proposal_candidates,False,2.8217853999958606,4,58,True,True,1.0,button-press-v3,38.441681430668375,False,False,True,True,False
metaworld,Closed-loop dependency audit; variants report proposal centering and gate dependence and do not support real-robot claims.,False,none,0,True,0.0,100,0.24227532744407654,0.6635512787059845,0.0,0.19739856288350863,12,learned_demo_proposal_direct,nearest_demo_behavior_proposal_direct_action,False,2.978400399995735,4,58,True,True,1.0,button-press-v3,38.4859741649471,False,False,True,False,False
metaworld,Closed-loop dependency audit; variants report proposal centering and gate dependence and do not support real-robot claims.,False,none,0,True,0.0,100,2.890573024749756,0.28610506367173083,27.33589602470398,2.4621214151382445,12,learned_bc_proposal_no_gate,behavior_cloned_proposal_candidates,False,3.945980699994834,4,100,True,False,0.0,button-press-v3,28.61050636717308,False,True,False,True,False
metaworld,Closed-loop dependency audit; variants report proposal centering and gate dependence and do not support real-robot claims.,False,none,0,True,0.0,100,2.841118335723877,0.2905638430970044,0.0,2.4886540043354035,12,learned_bc_proposal_direct,behavior_cloned_direct_action,False,4.356384799990337,4,100,True,False,0.0,button-press-v3,29.056384309700437,False,True,False,False,False
metaworld,Closed-loop dependency audit; variants report proposal centering and gate dependence and do not support real-robot claims.,False,none,0,True,0.0,100,0.12981562316417694,0.6768850283571525,1.1468893249156111,0.015572406640131629,12,state_heuristic_proposal_no_gate,state_heuristic_proposal_candidates,False,4.680066400003852,4,59,True,True,1.0,button-press-v3,39.936216673071996,False,False,False,True,True
metaworld,Closed-loop dependency audit; variants report proposal centering and gate dependence and do not support real-robot claims.,False,none,0,True,0.0,100,1.1973200741977053e-07,0.6778735228783929,0.0,4.7775890799073295e-08,12,state_heuristic_direct,state_heuristic_direct_action,False,4.842136699997354,4,59,True,True,1.0,button-press-v3,39.99453784982518,False,False,False,False,True
metaworld,Closed-loop dependency audit; variants report proposal centering and gate dependence and do not support real-robot claims.,False,none,0,True,0.0,100,3.032679796218872,0.4618613329765877,0.0,2.0559536707401276,12,random_uniform,uniform_random_actions,False,5.123703899997054,4,100,True,False,0.0,button-press-v3,46.18613329765877,False,False,False,False,False
metaworld,Closed-loop dependency audit; variants report proposal centering and gate dependence and do not support real-robot claims.,False,none,0,True,0.0,100,0.0,0.6778735228605206,0.0,0.0,12,scripted_expert,scripted_expert_policy,True,5.243112700001802,4,59,True,True,1.0,button-press-v3,39.99453784877072,True,False,False,False,False
metaworld,Closed-loop dependency audit; variants report proposal centering and gate dependence and do not support real-robot claims.,True,none,0,True,0.18518518518518517,100,0.19779516756534576,6.783162254628298,2.7755165607840926,0.00979498787610619,12,expert_centered_gate,scripted_expert_centered_candidates,True,0.8378236000135075,2,54,True,True,1.0,reach-v3,366.2907617499281,True,False,False,True,False
metaworld,Closed-loop dependency audit; variants report proposal centering and gate dependence and do not support real-robot claims.,False,none,0,True,0.0,100,1.4226449728012085,5.241195988717458,3.6536682957694646,0.357141820669529,12,expert_centered_no_gate,scripted_expert_centered_candidates,True,1.9350701000075787,2,84,True,True,1.0,reach-v3,440.2604630522665,True,False,False,True,False
metaworld,Closed-loop dependency audit; variants report proposal centering and gate dependence and do not support real-robot claims.,False,none,0,True,0.0,100,1.1994376182556152,1.8490693785009122,2.922922670841217,0.9996031838655471,12,mixed_expert_local_no_gate,mixed_expert_centered_and_local_gaussian_candidates,True,2.9823602000251412,2,100,True,False,0.0,reach-v3,184.90693785009123,True,False,False,True,False
metaworld,Closed-loop dependency audit; variants report proposal centering and gate dependence and do not support real-robot claims.,False,none,0,True,0.0,100,0.9937665462493896,2.5334854438593504,4.801539237499237,0.8053701800107956,12,local_gaussian_no_gate,local_gaussian_candidates,False,4.328209900006186,2,100,True,False,0.0,reach-v3,253.34854438593504,False,False,False,True,False
metaworld,Closed-loop dependency audit; variants report proposal centering and gate dependence and do not support real-robot claims.,False,none,0,True,0.0,100,1.0027859210968018,2.4471497804159172,9.001337918043136,0.7764542061090469,12,learned_demo_proposal_no_gate,nearest_demo_behavior_proposal_candidates,False,5.767599500017241,2,100,True,False,0.0,reach-v3,244.71497804159173,False,False,True,True,False
metaworld,Closed-loop dependency audit; variants report proposal centering and gate dependence and do not support real-robot claims.,False,none,0,True,0.0,100,0.7083724737167358,2.5754681235514494,0.0,0.7047821086645126,12,learned_demo_proposal_direct,nearest_demo_behavior_proposal_direct_action,False,6.17878820002079,2,100,True,False,0.0,reach-v3,257.54681235514494,False,False,True,False,False
metaworld,Closed-loop dependency audit; variants report proposal centering and gate dependence and do not support real-robot claims.,False,none,0,True,0.0,100,3.0499556064605713,2.19402079027409,744.2247054290772,2.4691614222526552,12,learned_bc_proposal_no_gate,behavior_cloned_proposal_candidates,False,7.583410900027957,2,100,True,False,0.0,reach-v3,219.402079027409,False,True,False,True,False
metaworld,Closed-loop dependency audit; variants report proposal centering and gate dependence and do not support real-robot claims.,False,none,0,True,0.0,100,3.0740609169006348,2.1101554193297893,0.0,2.6324379909038544,12,learned_bc_proposal_direct,behavior_cloned_direct_action,False,8.126176200021291,2,100,True,False,0.0,reach-v3,211.01554193297892,False,True,False,False,False
metaworld,Closed-loop dependency audit; variants report proposal centering and gate dependence and do not support real-robot claims.,False,none,0,True,0.0,100,0.2382584512233734,6.890308470321451,2.5490759799354956,0.039195056498181405,12,state_heuristic_proposal_no_gate,state_heuristic_proposal_candidates,False,9.007489500014344,2,57,True,True,1.0,reach-v3,392.7475828083227,False,False,False,True,True
metaworld,Closed-loop dependency audit; variants report proposal centering and gate dependence and do not support real-robot claims.,False,none,0,True,0.0,100,1.8128045553567063e-07,6.7629387858786085,0.0,8.776434324779143e-08,12,state_heuristic_direct,state_heuristic_direct_action,False,9.376943900017068,2,53,True,True,1.0,reach-v3,358.43575565156624,False,False,False,False,True
metaworld,Closed-loop dependency audit; variants report proposal centering and gate dependence and do not support real-robot claims.,False,none,0,True,0.0,100,2.64927077293396,1.016858340093492,0.0,1.696141077876091,12,random_uniform,uniform_random_actions,False,10.190139500016812,2,100,True,False,0.0,reach-v3,101.68583400934921,False,False,False,False,False
metaworld,Closed-loop dependency audit; variants report proposal centering and gate dependence and do not support real-robot claims.,False,none,0,True,0.0,100,0.0,6.7629387411811885,0.0,0.0,12,scripted_expert,scripted_expert_policy,True,10.469726900017122,2,53,True,True,1.0,reach-v3,358.435753282603,True,False,False,False,False
